image_path,label
D:\myprojects\signlanguageml\images\dataset\A\0.png,A
D:\myprojects\signlanguageml\images\dataset\A\1.png,A
D:\myprojects\signlanguageml\images\dataset\A\10.png,A
D:\myprojects\signlanguageml\images\dataset\A\11.png,A
D:\myprojects\signlanguageml\images\dataset\A\12.png,A
D:\myprojects\signlanguageml\images\dataset\A\13.png,A
D:\myprojects\signlanguageml\images\dataset\A\14.png,A
D:\myprojects\signlanguageml\images\dataset\A\15.png,A
D:\myprojects\signlanguageml\images\dataset\A\16.png,A
D:\myprojects\signlanguageml\images\dataset\A\17.png,A
D:\myprojects\signlanguageml\images\dataset\A\18.png,A
D:\myprojects\signlanguageml\images\dataset\A\19.png,A
D:\myprojects\signlanguageml\images\dataset\A\2.png,A
D:\myprojects\signlanguageml\images\dataset\A\20.png,A
D:\myprojects\signlanguageml\images\dataset\A\21.png,A
D:\myprojects\signlanguageml\images\dataset\A\22.png,A
D:\myprojects\signlanguageml\images\dataset\A\23.png,A
D:\myprojects\signlanguageml\images\dataset\A\24.png,A
D:\myprojects\signlanguageml\images\dataset\A\25.png,A
D:\myprojects\signlanguageml\images\dataset\A\26.png,A
D:\myprojects\signlanguageml\images\dataset\A\27.png,A
D:\myprojects\signlanguageml\images\dataset\A\28.png,A
D:\myprojects\signlanguageml\images\dataset\A\29.png,A
D:\myprojects\signlanguageml\images\dataset\A\3.png,A
D:\myprojects\signlanguageml\images\dataset\A\30.png,A
D:\myprojects\signlanguageml\images\dataset\A\31.png,A
D:\myprojects\signlanguageml\images\dataset\A\32.png,A
D:\myprojects\signlanguageml\images\dataset\A\33.png,A
D:\myprojects\signlanguageml\images\dataset\A\34.png,A
D:\myprojects\signlanguageml\images\dataset\A\35.png,A
D:\myprojects\signlanguageml\images\dataset\A\36.png,A
D:\myprojects\signlanguageml\images\dataset\A\37.png,A
D:\myprojects\signlanguageml\images\dataset\A\38.png,A
D:\myprojects\signlanguageml\images\dataset\A\39.png,A
D:\myprojects\signlanguageml\images\dataset\A\4.png,A
D:\myprojects\signlanguageml\images\dataset\A\40.png,A
D:\myprojects\signlanguageml\images\dataset\A\5.png,A
D:\myprojects\signlanguageml\images\dataset\A\6.png,A
D:\myprojects\signlanguageml\images\dataset\A\7.png,A
D:\myprojects\signlanguageml\images\dataset\A\8.png,A
D:\myprojects\signlanguageml\images\dataset\A\9.png,A
D:\myprojects\signlanguageml\images\dataset\B\0.png,B
D:\myprojects\signlanguageml\images\dataset\B\1.png,B
D:\myprojects\signlanguageml\images\dataset\B\10.png,B
D:\myprojects\signlanguageml\images\dataset\B\11.png,B
D:\myprojects\signlanguageml\images\dataset\B\12.png,B
D:\myprojects\signlanguageml\images\dataset\B\13.png,B
D:\myprojects\signlanguageml\images\dataset\B\14.png,B
D:\myprojects\signlanguageml\images\dataset\B\15.png,B
D:\myprojects\signlanguageml\images\dataset\B\16.png,B
D:\myprojects\signlanguageml\images\dataset\B\17.png,B
D:\myprojects\signlanguageml\images\dataset\B\18.png,B
D:\myprojects\signlanguageml\images\dataset\B\19.png,B
D:\myprojects\signlanguageml\images\dataset\B\2.png,B
D:\myprojects\signlanguageml\images\dataset\B\20.png,B
D:\myprojects\signlanguageml\images\dataset\B\21.png,B
D:\myprojects\signlanguageml\images\dataset\B\22.png,B
D:\myprojects\signlanguageml\images\dataset\B\23.png,B
D:\myprojects\signlanguageml\images\dataset\B\24.png,B
D:\myprojects\signlanguageml\images\dataset\B\25.png,B
D:\myprojects\signlanguageml\images\dataset\B\26.png,B
D:\myprojects\signlanguageml\images\dataset\B\27.png,B
D:\myprojects\signlanguageml\images\dataset\B\28.png,B
D:\myprojects\signlanguageml\images\dataset\B\29.png,B
D:\myprojects\signlanguageml\images\dataset\B\3.png,B
D:\myprojects\signlanguageml\images\dataset\B\30.png,B
D:\myprojects\signlanguageml\images\dataset\B\31.png,B
D:\myprojects\signlanguageml\images\dataset\B\32.png,B
D:\myprojects\signlanguageml\images\dataset\B\33.png,B
D:\myprojects\signlanguageml\images\dataset\B\34.png,B
D:\myprojects\signlanguageml\images\dataset\B\35.png,B
D:\myprojects\signlanguageml\images\dataset\B\36.png,B
D:\myprojects\signlanguageml\images\dataset\B\37.png,B
D:\myprojects\signlanguageml\images\dataset\B\38.png,B
D:\myprojects\signlanguageml\images\dataset\B\39.png,B
D:\myprojects\signlanguageml\images\dataset\B\4.png,B
D:\myprojects\signlanguageml\images\dataset\B\5.png,B
D:\myprojects\signlanguageml\images\dataset\B\6.png,B
D:\myprojects\signlanguageml\images\dataset\B\7.png,B
D:\myprojects\signlanguageml\images\dataset\B\8.png,B
D:\myprojects\signlanguageml\images\dataset\B\9.png,B
D:\myprojects\signlanguageml\images\dataset\C\0.png,C
D:\myprojects\signlanguageml\images\dataset\C\1.png,C
D:\myprojects\signlanguageml\images\dataset\C\10.png,C
D:\myprojects\signlanguageml\images\dataset\C\11.png,C
D:\myprojects\signlanguageml\images\dataset\C\12.png,C
D:\myprojects\signlanguageml\images\dataset\C\13.png,C
D:\myprojects\signlanguageml\images\dataset\C\14.png,C
D:\myprojects\signlanguageml\images\dataset\C\15.png,C
D:\myprojects\signlanguageml\images\dataset\C\16.png,C
D:\myprojects\signlanguageml\images\dataset\C\17.png,C
D:\myprojects\signlanguageml\images\dataset\C\18.png,C
D:\myprojects\signlanguageml\images\dataset\C\19.png,C
D:\myprojects\signlanguageml\images\dataset\C\2.png,C
D:\myprojects\signlanguageml\images\dataset\C\20.png,C
D:\myprojects\signlanguageml\images\dataset\C\21.png,C
D:\myprojects\signlanguageml\images\dataset\C\22.png,C
D:\myprojects\signlanguageml\images\dataset\C\23.png,C
D:\myprojects\signlanguageml\images\dataset\C\24.png,C
D:\myprojects\signlanguageml\images\dataset\C\25.png,C
D:\myprojects\signlanguageml\images\dataset\C\26.png,C
D:\myprojects\signlanguageml\images\dataset\C\27.png,C
D:\myprojects\signlanguageml\images\dataset\C\28.png,C
D:\myprojects\signlanguageml\images\dataset\C\29.png,C
D:\myprojects\signlanguageml\images\dataset\C\3.png,C
D:\myprojects\signlanguageml\images\dataset\C\30.png,C
D:\myprojects\signlanguageml\images\dataset\C\31.png,C
D:\myprojects\signlanguageml\images\dataset\C\32.png,C
D:\myprojects\signlanguageml\images\dataset\C\33.png,C
D:\myprojects\signlanguageml\images\dataset\C\34.png,C
D:\myprojects\signlanguageml\images\dataset\C\35.png,C
D:\myprojects\signlanguageml\images\dataset\C\36.png,C
D:\myprojects\signlanguageml\images\dataset\C\37.png,C
D:\myprojects\signlanguageml\images\dataset\C\38.png,C
D:\myprojects\signlanguageml\images\dataset\C\39.png,C
D:\myprojects\signlanguageml\images\dataset\C\4.png,C
D:\myprojects\signlanguageml\images\dataset\C\40.png,C
D:\myprojects\signlanguageml\images\dataset\C\41.png,C
D:\myprojects\signlanguageml\images\dataset\C\42.png,C
D:\myprojects\signlanguageml\images\dataset\C\43.png,C
D:\myprojects\signlanguageml\images\dataset\C\44.png,C
D:\myprojects\signlanguageml\images\dataset\C\5.png,C
D:\myprojects\signlanguageml\images\dataset\C\6.png,C
D:\myprojects\signlanguageml\images\dataset\C\7.png,C
D:\myprojects\signlanguageml\images\dataset\C\8.png,C
D:\myprojects\signlanguageml\images\dataset\C\9.png,C
D:\myprojects\signlanguageml\images\dataset\D\0.png,D
D:\myprojects\signlanguageml\images\dataset\D\1.png,D
D:\myprojects\signlanguageml\images\dataset\D\10.png,D
D:\myprojects\signlanguageml\images\dataset\D\11.png,D
D:\myprojects\signlanguageml\images\dataset\D\12.png,D
D:\myprojects\signlanguageml\images\dataset\D\13.png,D
D:\myprojects\signlanguageml\images\dataset\D\14.png,D
D:\myprojects\signlanguageml\images\dataset\D\15.png,D
D:\myprojects\signlanguageml\images\dataset\D\16.png,D
D:\myprojects\signlanguageml\images\dataset\D\17.png,D
D:\myprojects\signlanguageml\images\dataset\D\18.png,D
D:\myprojects\signlanguageml\images\dataset\D\19.png,D
D:\myprojects\signlanguageml\images\dataset\D\2.png,D
D:\myprojects\signlanguageml\images\dataset\D\20.png,D
D:\myprojects\signlanguageml\images\dataset\D\21.png,D
D:\myprojects\signlanguageml\images\dataset\D\22.png,D
D:\myprojects\signlanguageml\images\dataset\D\23.png,D
D:\myprojects\signlanguageml\images\dataset\D\24.png,D
D:\myprojects\signlanguageml\images\dataset\D\25.png,D
D:\myprojects\signlanguageml\images\dataset\D\26.png,D
D:\myprojects\signlanguageml\images\dataset\D\27.png,D
D:\myprojects\signlanguageml\images\dataset\D\28.png,D
D:\myprojects\signlanguageml\images\dataset\D\29.png,D
D:\myprojects\signlanguageml\images\dataset\D\3.png,D
D:\myprojects\signlanguageml\images\dataset\D\30.png,D
D:\myprojects\signlanguageml\images\dataset\D\31.png,D
D:\myprojects\signlanguageml\images\dataset\D\32.png,D
D:\myprojects\signlanguageml\images\dataset\D\33.png,D
D:\myprojects\signlanguageml\images\dataset\D\34.png,D
D:\myprojects\signlanguageml\images\dataset\D\35.png,D
D:\myprojects\signlanguageml\images\dataset\D\36.png,D
D:\myprojects\signlanguageml\images\dataset\D\37.png,D
D:\myprojects\signlanguageml\images\dataset\D\38.png,D
D:\myprojects\signlanguageml\images\dataset\D\39.png,D
D:\myprojects\signlanguageml\images\dataset\D\4.png,D
D:\myprojects\signlanguageml\images\dataset\D\5.png,D
D:\myprojects\signlanguageml\images\dataset\D\6.png,D
D:\myprojects\signlanguageml\images\dataset\D\7.png,D
D:\myprojects\signlanguageml\images\dataset\D\8.png,D
D:\myprojects\signlanguageml\images\dataset\D\9.png,D
D:\myprojects\signlanguageml\images\dataset\E\0.png,E
D:\myprojects\signlanguageml\images\dataset\E\1.png,E
D:\myprojects\signlanguageml\images\dataset\E\10.png,E
D:\myprojects\signlanguageml\images\dataset\E\11.png,E
D:\myprojects\signlanguageml\images\dataset\E\12.png,E
D:\myprojects\signlanguageml\images\dataset\E\13.png,E
D:\myprojects\signlanguageml\images\dataset\E\14.png,E
D:\myprojects\signlanguageml\images\dataset\E\15.png,E
D:\myprojects\signlanguageml\images\dataset\E\16.png,E
D:\myprojects\signlanguageml\images\dataset\E\17.png,E
D:\myprojects\signlanguageml\images\dataset\E\18.png,E
D:\myprojects\signlanguageml\images\dataset\E\19.png,E
D:\myprojects\signlanguageml\images\dataset\E\2.png,E
D:\myprojects\signlanguageml\images\dataset\E\20.png,E
D:\myprojects\signlanguageml\images\dataset\E\21.png,E
D:\myprojects\signlanguageml\images\dataset\E\22.png,E
D:\myprojects\signlanguageml\images\dataset\E\23.png,E
D:\myprojects\signlanguageml\images\dataset\E\24.png,E
D:\myprojects\signlanguageml\images\dataset\E\25.png,E
D:\myprojects\signlanguageml\images\dataset\E\26.png,E
D:\myprojects\signlanguageml\images\dataset\E\27.png,E
D:\myprojects\signlanguageml\images\dataset\E\28.png,E
D:\myprojects\signlanguageml\images\dataset\E\29.png,E
D:\myprojects\signlanguageml\images\dataset\E\3.png,E
D:\myprojects\signlanguageml\images\dataset\E\30.png,E
D:\myprojects\signlanguageml\images\dataset\E\31.png,E
D:\myprojects\signlanguageml\images\dataset\E\32.png,E
D:\myprojects\signlanguageml\images\dataset\E\33.png,E
D:\myprojects\signlanguageml\images\dataset\E\34.png,E
D:\myprojects\signlanguageml\images\dataset\E\35.png,E
D:\myprojects\signlanguageml\images\dataset\E\36.png,E
D:\myprojects\signlanguageml\images\dataset\E\37.png,E
D:\myprojects\signlanguageml\images\dataset\E\38.png,E
D:\myprojects\signlanguageml\images\dataset\E\39.png,E
D:\myprojects\signlanguageml\images\dataset\E\4.png,E
D:\myprojects\signlanguageml\images\dataset\E\40.png,E
D:\myprojects\signlanguageml\images\dataset\E\5.png,E
D:\myprojects\signlanguageml\images\dataset\E\6.png,E
D:\myprojects\signlanguageml\images\dataset\E\7.png,E
D:\myprojects\signlanguageml\images\dataset\E\8.png,E
D:\myprojects\signlanguageml\images\dataset\E\9.png,E
D:\myprojects\signlanguageml\images\dataset\F\0.png,F
D:\myprojects\signlanguageml\images\dataset\F\1.png,F
D:\myprojects\signlanguageml\images\dataset\F\10.png,F
D:\myprojects\signlanguageml\images\dataset\F\11.png,F
D:\myprojects\signlanguageml\images\dataset\F\12.png,F
D:\myprojects\signlanguageml\images\dataset\F\13.png,F
D:\myprojects\signlanguageml\images\dataset\F\14.png,F
D:\myprojects\signlanguageml\images\dataset\F\15.png,F
D:\myprojects\signlanguageml\images\dataset\F\16.png,F
D:\myprojects\signlanguageml\images\dataset\F\17.png,F
D:\myprojects\signlanguageml\images\dataset\F\18.png,F
D:\myprojects\signlanguageml\images\dataset\F\19.png,F
D:\myprojects\signlanguageml\images\dataset\F\2.png,F
D:\myprojects\signlanguageml\images\dataset\F\20.png,F
D:\myprojects\signlanguageml\images\dataset\F\21.png,F
D:\myprojects\signlanguageml\images\dataset\F\22.png,F
D:\myprojects\signlanguageml\images\dataset\F\23.png,F
D:\myprojects\signlanguageml\images\dataset\F\24.png,F
D:\myprojects\signlanguageml\images\dataset\F\25.png,F
D:\myprojects\signlanguageml\images\dataset\F\26.png,F
D:\myprojects\signlanguageml\images\dataset\F\27.png,F
D:\myprojects\signlanguageml\images\dataset\F\28.png,F
D:\myprojects\signlanguageml\images\dataset\F\29.png,F
D:\myprojects\signlanguageml\images\dataset\F\3.png,F
D:\myprojects\signlanguageml\images\dataset\F\30.png,F
D:\myprojects\signlanguageml\images\dataset\F\31.png,F
D:\myprojects\signlanguageml\images\dataset\F\32.png,F
D:\myprojects\signlanguageml\images\dataset\F\33.png,F
D:\myprojects\signlanguageml\images\dataset\F\34.png,F
D:\myprojects\signlanguageml\images\dataset\F\35.png,F
D:\myprojects\signlanguageml\images\dataset\F\36.png,F
D:\myprojects\signlanguageml\images\dataset\F\37.png,F
D:\myprojects\signlanguageml\images\dataset\F\38.png,F
D:\myprojects\signlanguageml\images\dataset\F\39.png,F
D:\myprojects\signlanguageml\images\dataset\F\4.png,F
D:\myprojects\signlanguageml\images\dataset\F\5.png,F
D:\myprojects\signlanguageml\images\dataset\F\6.png,F
D:\myprojects\signlanguageml\images\dataset\F\7.png,F
D:\myprojects\signlanguageml\images\dataset\F\8.png,F
D:\myprojects\signlanguageml\images\dataset\F\9.png,F
D:\myprojects\signlanguageml\images\dataset\G\0.png,G
D:\myprojects\signlanguageml\images\dataset\G\1.png,G
D:\myprojects\signlanguageml\images\dataset\G\10.png,G
D:\myprojects\signlanguageml\images\dataset\G\11.png,G
D:\myprojects\signlanguageml\images\dataset\G\12.png,G
D:\myprojects\signlanguageml\images\dataset\G\13.png,G
D:\myprojects\signlanguageml\images\dataset\G\14.png,G
D:\myprojects\signlanguageml\images\dataset\G\15.png,G
D:\myprojects\signlanguageml\images\dataset\G\16.png,G
D:\myprojects\signlanguageml\images\dataset\G\17.png,G
D:\myprojects\signlanguageml\images\dataset\G\18.png,G
D:\myprojects\signlanguageml\images\dataset\G\19.png,G
D:\myprojects\signlanguageml\images\dataset\G\2.png,G
D:\myprojects\signlanguageml\images\dataset\G\20.png,G
D:\myprojects\signlanguageml\images\dataset\G\21.png,G
D:\myprojects\signlanguageml\images\dataset\G\22.png,G
D:\myprojects\signlanguageml\images\dataset\G\23.png,G
D:\myprojects\signlanguageml\images\dataset\G\24.png,G
D:\myprojects\signlanguageml\images\dataset\G\25.png,G
D:\myprojects\signlanguageml\images\dataset\G\26.png,G
D:\myprojects\signlanguageml\images\dataset\G\27.png,G
D:\myprojects\signlanguageml\images\dataset\G\28.png,G
D:\myprojects\signlanguageml\images\dataset\G\29.png,G
D:\myprojects\signlanguageml\images\dataset\G\3.png,G
D:\myprojects\signlanguageml\images\dataset\G\30.png,G
D:\myprojects\signlanguageml\images\dataset\G\31.png,G
D:\myprojects\signlanguageml\images\dataset\G\32.png,G
D:\myprojects\signlanguageml\images\dataset\G\33.png,G
D:\myprojects\signlanguageml\images\dataset\G\34.png,G
D:\myprojects\signlanguageml\images\dataset\G\35.png,G
D:\myprojects\signlanguageml\images\dataset\G\36.png,G
D:\myprojects\signlanguageml\images\dataset\G\37.png,G
D:\myprojects\signlanguageml\images\dataset\G\38.png,G
D:\myprojects\signlanguageml\images\dataset\G\39.png,G
D:\myprojects\signlanguageml\images\dataset\G\4.png,G
D:\myprojects\signlanguageml\images\dataset\G\5.png,G
D:\myprojects\signlanguageml\images\dataset\G\6.png,G
D:\myprojects\signlanguageml\images\dataset\G\7.png,G
D:\myprojects\signlanguageml\images\dataset\G\8.png,G
D:\myprojects\signlanguageml\images\dataset\G\9.png,G
D:\myprojects\signlanguageml\images\dataset\H\0.png,H
D:\myprojects\signlanguageml\images\dataset\H\1.png,H
D:\myprojects\signlanguageml\images\dataset\H\10.png,H
D:\myprojects\signlanguageml\images\dataset\H\11.png,H
D:\myprojects\signlanguageml\images\dataset\H\12.png,H
D:\myprojects\signlanguageml\images\dataset\H\13.png,H
D:\myprojects\signlanguageml\images\dataset\H\14.png,H
D:\myprojects\signlanguageml\images\dataset\H\15.png,H
D:\myprojects\signlanguageml\images\dataset\H\16.png,H
D:\myprojects\signlanguageml\images\dataset\H\17.png,H
D:\myprojects\signlanguageml\images\dataset\H\18.png,H
D:\myprojects\signlanguageml\images\dataset\H\19.png,H
D:\myprojects\signlanguageml\images\dataset\H\2.png,H
D:\myprojects\signlanguageml\images\dataset\H\20.png,H
D:\myprojects\signlanguageml\images\dataset\H\21.png,H
D:\myprojects\signlanguageml\images\dataset\H\22.png,H
D:\myprojects\signlanguageml\images\dataset\H\23.png,H
D:\myprojects\signlanguageml\images\dataset\H\24.png,H
D:\myprojects\signlanguageml\images\dataset\H\25.png,H
D:\myprojects\signlanguageml\images\dataset\H\26.png,H
D:\myprojects\signlanguageml\images\dataset\H\27.png,H
D:\myprojects\signlanguageml\images\dataset\H\28.png,H
D:\myprojects\signlanguageml\images\dataset\H\29.png,H
D:\myprojects\signlanguageml\images\dataset\H\3.png,H
D:\myprojects\signlanguageml\images\dataset\H\30.png,H
D:\myprojects\signlanguageml\images\dataset\H\31.png,H
D:\myprojects\signlanguageml\images\dataset\H\32.png,H
D:\myprojects\signlanguageml\images\dataset\H\33.png,H
D:\myprojects\signlanguageml\images\dataset\H\34.png,H
D:\myprojects\signlanguageml\images\dataset\H\35.png,H
D:\myprojects\signlanguageml\images\dataset\H\36.png,H
D:\myprojects\signlanguageml\images\dataset\H\37.png,H
D:\myprojects\signlanguageml\images\dataset\H\38.png,H
D:\myprojects\signlanguageml\images\dataset\H\39.png,H
D:\myprojects\signlanguageml\images\dataset\H\4.png,H
D:\myprojects\signlanguageml\images\dataset\H\40.png,H
D:\myprojects\signlanguageml\images\dataset\H\41.png,H
D:\myprojects\signlanguageml\images\dataset\H\42.png,H
D:\myprojects\signlanguageml\images\dataset\H\43.png,H
D:\myprojects\signlanguageml\images\dataset\H\5.png,H
D:\myprojects\signlanguageml\images\dataset\H\6.png,H
D:\myprojects\signlanguageml\images\dataset\H\7.png,H
D:\myprojects\signlanguageml\images\dataset\H\8.png,H
D:\myprojects\signlanguageml\images\dataset\H\9.png,H
D:\myprojects\signlanguageml\images\dataset\I\0.png,I
D:\myprojects\signlanguageml\images\dataset\I\1.png,I
D:\myprojects\signlanguageml\images\dataset\I\10.png,I
D:\myprojects\signlanguageml\images\dataset\I\11.png,I
D:\myprojects\signlanguageml\images\dataset\I\12.png,I
D:\myprojects\signlanguageml\images\dataset\I\13.png,I
D:\myprojects\signlanguageml\images\dataset\I\14.png,I
D:\myprojects\signlanguageml\images\dataset\I\15.png,I
D:\myprojects\signlanguageml\images\dataset\I\16.png,I
D:\myprojects\signlanguageml\images\dataset\I\17.png,I
D:\myprojects\signlanguageml\images\dataset\I\18.png,I
D:\myprojects\signlanguageml\images\dataset\I\19.png,I
D:\myprojects\signlanguageml\images\dataset\I\2.png,I
D:\myprojects\signlanguageml\images\dataset\I\20.png,I
D:\myprojects\signlanguageml\images\dataset\I\21.png,I
D:\myprojects\signlanguageml\images\dataset\I\22.png,I
D:\myprojects\signlanguageml\images\dataset\I\23.png,I
D:\myprojects\signlanguageml\images\dataset\I\24.png,I
D:\myprojects\signlanguageml\images\dataset\I\25.png,I
D:\myprojects\signlanguageml\images\dataset\I\26.png,I
D:\myprojects\signlanguageml\images\dataset\I\27.png,I
D:\myprojects\signlanguageml\images\dataset\I\28.png,I
D:\myprojects\signlanguageml\images\dataset\I\29.png,I
D:\myprojects\signlanguageml\images\dataset\I\3.png,I
D:\myprojects\signlanguageml\images\dataset\I\30.png,I
D:\myprojects\signlanguageml\images\dataset\I\31.png,I
D:\myprojects\signlanguageml\images\dataset\I\32.png,I
D:\myprojects\signlanguageml\images\dataset\I\33.png,I
D:\myprojects\signlanguageml\images\dataset\I\34.png,I
D:\myprojects\signlanguageml\images\dataset\I\35.png,I
D:\myprojects\signlanguageml\images\dataset\I\36.png,I
D:\myprojects\signlanguageml\images\dataset\I\37.png,I
D:\myprojects\signlanguageml\images\dataset\I\38.png,I
D:\myprojects\signlanguageml\images\dataset\I\39.png,I
D:\myprojects\signlanguageml\images\dataset\I\4.png,I
D:\myprojects\signlanguageml\images\dataset\I\5.png,I
D:\myprojects\signlanguageml\images\dataset\I\6.png,I
D:\myprojects\signlanguageml\images\dataset\I\7.png,I
D:\myprojects\signlanguageml\images\dataset\I\8.png,I
D:\myprojects\signlanguageml\images\dataset\I\9.png,I
D:\myprojects\signlanguageml\images\dataset\J\0.png,J
D:\myprojects\signlanguageml\images\dataset\J\1.png,J
D:\myprojects\signlanguageml\images\dataset\J\10.png,J
D:\myprojects\signlanguageml\images\dataset\J\11.png,J
D:\myprojects\signlanguageml\images\dataset\J\12.png,J
D:\myprojects\signlanguageml\images\dataset\J\13.png,J
D:\myprojects\signlanguageml\images\dataset\J\14.png,J
D:\myprojects\signlanguageml\images\dataset\J\15.png,J
D:\myprojects\signlanguageml\images\dataset\J\16.png,J
D:\myprojects\signlanguageml\images\dataset\J\17.png,J
D:\myprojects\signlanguageml\images\dataset\J\18.png,J
D:\myprojects\signlanguageml\images\dataset\J\19.png,J
D:\myprojects\signlanguageml\images\dataset\J\2.png,J
D:\myprojects\signlanguageml\images\dataset\J\20.png,J
D:\myprojects\signlanguageml\images\dataset\J\21.png,J
D:\myprojects\signlanguageml\images\dataset\J\22.png,J
D:\myprojects\signlanguageml\images\dataset\J\23.png,J
D:\myprojects\signlanguageml\images\dataset\J\24.png,J
D:\myprojects\signlanguageml\images\dataset\J\25.png,J
D:\myprojects\signlanguageml\images\dataset\J\26.png,J
D:\myprojects\signlanguageml\images\dataset\J\27.png,J
D:\myprojects\signlanguageml\images\dataset\J\28.png,J
D:\myprojects\signlanguageml\images\dataset\J\29.png,J
D:\myprojects\signlanguageml\images\dataset\J\3.png,J
D:\myprojects\signlanguageml\images\dataset\J\30.png,J
D:\myprojects\signlanguageml\images\dataset\J\31.png,J
D:\myprojects\signlanguageml\images\dataset\J\32.png,J
D:\myprojects\signlanguageml\images\dataset\J\33.png,J
D:\myprojects\signlanguageml\images\dataset\J\34.png,J
D:\myprojects\signlanguageml\images\dataset\J\35.png,J
D:\myprojects\signlanguageml\images\dataset\J\36.png,J
D:\myprojects\signlanguageml\images\dataset\J\37.png,J
D:\myprojects\signlanguageml\images\dataset\J\38.png,J
D:\myprojects\signlanguageml\images\dataset\J\39.png,J
D:\myprojects\signlanguageml\images\dataset\J\4.png,J
D:\myprojects\signlanguageml\images\dataset\J\40.png,J
D:\myprojects\signlanguageml\images\dataset\J\5.png,J
D:\myprojects\signlanguageml\images\dataset\J\6.png,J
D:\myprojects\signlanguageml\images\dataset\J\7.png,J
D:\myprojects\signlanguageml\images\dataset\J\8.png,J
D:\myprojects\signlanguageml\images\dataset\J\9.png,J
D:\myprojects\signlanguageml\images\dataset\K\0.png,K
D:\myprojects\signlanguageml\images\dataset\K\1.png,K
D:\myprojects\signlanguageml\images\dataset\K\10.png,K
D:\myprojects\signlanguageml\images\dataset\K\11.png,K
D:\myprojects\signlanguageml\images\dataset\K\12.png,K
D:\myprojects\signlanguageml\images\dataset\K\13.png,K
D:\myprojects\signlanguageml\images\dataset\K\14.png,K
D:\myprojects\signlanguageml\images\dataset\K\15.png,K
D:\myprojects\signlanguageml\images\dataset\K\16.png,K
D:\myprojects\signlanguageml\images\dataset\K\17.png,K
D:\myprojects\signlanguageml\images\dataset\K\18.png,K
D:\myprojects\signlanguageml\images\dataset\K\19.png,K
D:\myprojects\signlanguageml\images\dataset\K\2.png,K
D:\myprojects\signlanguageml\images\dataset\K\20.png,K
D:\myprojects\signlanguageml\images\dataset\K\21.png,K
D:\myprojects\signlanguageml\images\dataset\K\22.png,K
D:\myprojects\signlanguageml\images\dataset\K\23.png,K
D:\myprojects\signlanguageml\images\dataset\K\24.png,K
D:\myprojects\signlanguageml\images\dataset\K\25.png,K
D:\myprojects\signlanguageml\images\dataset\K\26.png,K
D:\myprojects\signlanguageml\images\dataset\K\27.png,K
D:\myprojects\signlanguageml\images\dataset\K\28.png,K
D:\myprojects\signlanguageml\images\dataset\K\29.png,K
D:\myprojects\signlanguageml\images\dataset\K\3.png,K
D:\myprojects\signlanguageml\images\dataset\K\30.png,K
D:\myprojects\signlanguageml\images\dataset\K\31.png,K
D:\myprojects\signlanguageml\images\dataset\K\32.png,K
D:\myprojects\signlanguageml\images\dataset\K\33.png,K
D:\myprojects\signlanguageml\images\dataset\K\34.png,K
D:\myprojects\signlanguageml\images\dataset\K\35.png,K
D:\myprojects\signlanguageml\images\dataset\K\36.png,K
D:\myprojects\signlanguageml\images\dataset\K\37.png,K
D:\myprojects\signlanguageml\images\dataset\K\38.png,K
D:\myprojects\signlanguageml\images\dataset\K\39.png,K
D:\myprojects\signlanguageml\images\dataset\K\4.png,K
D:\myprojects\signlanguageml\images\dataset\K\40.png,K
D:\myprojects\signlanguageml\images\dataset\K\41.png,K
D:\myprojects\signlanguageml\images\dataset\K\5.png,K
D:\myprojects\signlanguageml\images\dataset\K\6.png,K
D:\myprojects\signlanguageml\images\dataset\K\7.png,K
D:\myprojects\signlanguageml\images\dataset\K\8.png,K
D:\myprojects\signlanguageml\images\dataset\K\9.png,K
D:\myprojects\signlanguageml\images\dataset\L\0.png,L
D:\myprojects\signlanguageml\images\dataset\L\1.png,L
D:\myprojects\signlanguageml\images\dataset\L\10.png,L
D:\myprojects\signlanguageml\images\dataset\L\11.png,L
D:\myprojects\signlanguageml\images\dataset\L\12.png,L
D:\myprojects\signlanguageml\images\dataset\L\13.png,L
D:\myprojects\signlanguageml\images\dataset\L\14.png,L
D:\myprojects\signlanguageml\images\dataset\L\15.png,L
D:\myprojects\signlanguageml\images\dataset\L\16.png,L
D:\myprojects\signlanguageml\images\dataset\L\17.png,L
D:\myprojects\signlanguageml\images\dataset\L\18.png,L
D:\myprojects\signlanguageml\images\dataset\L\19.png,L
D:\myprojects\signlanguageml\images\dataset\L\2.png,L
D:\myprojects\signlanguageml\images\dataset\L\20.png,L
D:\myprojects\signlanguageml\images\dataset\L\21.png,L
D:\myprojects\signlanguageml\images\dataset\L\22.png,L
D:\myprojects\signlanguageml\images\dataset\L\23.png,L
D:\myprojects\signlanguageml\images\dataset\L\24.png,L
D:\myprojects\signlanguageml\images\dataset\L\25.png,L
D:\myprojects\signlanguageml\images\dataset\L\26.png,L
D:\myprojects\signlanguageml\images\dataset\L\27.png,L
D:\myprojects\signlanguageml\images\dataset\L\28.png,L
D:\myprojects\signlanguageml\images\dataset\L\29.png,L
D:\myprojects\signlanguageml\images\dataset\L\3.png,L
D:\myprojects\signlanguageml\images\dataset\L\30.png,L
D:\myprojects\signlanguageml\images\dataset\L\31.png,L
D:\myprojects\signlanguageml\images\dataset\L\32.png,L
D:\myprojects\signlanguageml\images\dataset\L\33.png,L
D:\myprojects\signlanguageml\images\dataset\L\34.png,L
D:\myprojects\signlanguageml\images\dataset\L\35.png,L
D:\myprojects\signlanguageml\images\dataset\L\36.png,L
D:\myprojects\signlanguageml\images\dataset\L\37.png,L
D:\myprojects\signlanguageml\images\dataset\L\38.png,L
D:\myprojects\signlanguageml\images\dataset\L\39.png,L
D:\myprojects\signlanguageml\images\dataset\L\4.png,L
D:\myprojects\signlanguageml\images\dataset\L\40.png,L
D:\myprojects\signlanguageml\images\dataset\L\41.png,L
D:\myprojects\signlanguageml\images\dataset\L\42.png,L
D:\myprojects\signlanguageml\images\dataset\L\43.png,L
D:\myprojects\signlanguageml\images\dataset\L\5.png,L
D:\myprojects\signlanguageml\images\dataset\L\6.png,L
D:\myprojects\signlanguageml\images\dataset\L\7.png,L
D:\myprojects\signlanguageml\images\dataset\L\8.png,L
D:\myprojects\signlanguageml\images\dataset\L\9.png,L
D:\myprojects\signlanguageml\images\dataset\M\0.png,M
D:\myprojects\signlanguageml\images\dataset\M\1.png,M
D:\myprojects\signlanguageml\images\dataset\M\10.png,M
D:\myprojects\signlanguageml\images\dataset\M\11.png,M
D:\myprojects\signlanguageml\images\dataset\M\12.png,M
D:\myprojects\signlanguageml\images\dataset\M\13.png,M
D:\myprojects\signlanguageml\images\dataset\M\14.png,M
D:\myprojects\signlanguageml\images\dataset\M\15.png,M
D:\myprojects\signlanguageml\images\dataset\M\16.png,M
D:\myprojects\signlanguageml\images\dataset\M\17.png,M
D:\myprojects\signlanguageml\images\dataset\M\18.png,M
D:\myprojects\signlanguageml\images\dataset\M\19.png,M
D:\myprojects\signlanguageml\images\dataset\M\2.png,M
D:\myprojects\signlanguageml\images\dataset\M\20.png,M
D:\myprojects\signlanguageml\images\dataset\M\21.png,M
D:\myprojects\signlanguageml\images\dataset\M\22.png,M
D:\myprojects\signlanguageml\images\dataset\M\23.png,M
D:\myprojects\signlanguageml\images\dataset\M\24.png,M
D:\myprojects\signlanguageml\images\dataset\M\25.png,M
D:\myprojects\signlanguageml\images\dataset\M\26.png,M
D:\myprojects\signlanguageml\images\dataset\M\27.png,M
D:\myprojects\signlanguageml\images\dataset\M\28.png,M
D:\myprojects\signlanguageml\images\dataset\M\29.png,M
D:\myprojects\signlanguageml\images\dataset\M\3.png,M
D:\myprojects\signlanguageml\images\dataset\M\30.png,M
D:\myprojects\signlanguageml\images\dataset\M\31.png,M
D:\myprojects\signlanguageml\images\dataset\M\32.png,M
D:\myprojects\signlanguageml\images\dataset\M\33.png,M
D:\myprojects\signlanguageml\images\dataset\M\34.png,M
D:\myprojects\signlanguageml\images\dataset\M\35.png,M
D:\myprojects\signlanguageml\images\dataset\M\36.png,M
D:\myprojects\signlanguageml\images\dataset\M\37.png,M
D:\myprojects\signlanguageml\images\dataset\M\38.png,M
D:\myprojects\signlanguageml\images\dataset\M\39.png,M
D:\myprojects\signlanguageml\images\dataset\M\4.png,M
D:\myprojects\signlanguageml\images\dataset\M\5.png,M
D:\myprojects\signlanguageml\images\dataset\M\6.png,M
D:\myprojects\signlanguageml\images\dataset\M\7.png,M
D:\myprojects\signlanguageml\images\dataset\M\8.png,M
D:\myprojects\signlanguageml\images\dataset\M\9.png,M
D:\myprojects\signlanguageml\images\dataset\N\0.png,N
D:\myprojects\signlanguageml\images\dataset\N\1.png,N
D:\myprojects\signlanguageml\images\dataset\N\10.png,N
D:\myprojects\signlanguageml\images\dataset\N\11.png,N
D:\myprojects\signlanguageml\images\dataset\N\12.png,N
D:\myprojects\signlanguageml\images\dataset\N\13.png,N
D:\myprojects\signlanguageml\images\dataset\N\14.png,N
D:\myprojects\signlanguageml\images\dataset\N\15.png,N
D:\myprojects\signlanguageml\images\dataset\N\16.png,N
D:\myprojects\signlanguageml\images\dataset\N\17.png,N
D:\myprojects\signlanguageml\images\dataset\N\18.png,N
D:\myprojects\signlanguageml\images\dataset\N\19.png,N
D:\myprojects\signlanguageml\images\dataset\N\2.png,N
D:\myprojects\signlanguageml\images\dataset\N\20.png,N
D:\myprojects\signlanguageml\images\dataset\N\21.png,N
D:\myprojects\signlanguageml\images\dataset\N\22.png,N
D:\myprojects\signlanguageml\images\dataset\N\23.png,N
D:\myprojects\signlanguageml\images\dataset\N\24.png,N
D:\myprojects\signlanguageml\images\dataset\N\25.png,N
D:\myprojects\signlanguageml\images\dataset\N\26.png,N
D:\myprojects\signlanguageml\images\dataset\N\27.png,N
D:\myprojects\signlanguageml\images\dataset\N\28.png,N
D:\myprojects\signlanguageml\images\dataset\N\29.png,N
D:\myprojects\signlanguageml\images\dataset\N\3.png,N
D:\myprojects\signlanguageml\images\dataset\N\30.png,N
D:\myprojects\signlanguageml\images\dataset\N\31.png,N
D:\myprojects\signlanguageml\images\dataset\N\32.png,N
D:\myprojects\signlanguageml\images\dataset\N\33.png,N
D:\myprojects\signlanguageml\images\dataset\N\34.png,N
D:\myprojects\signlanguageml\images\dataset\N\35.png,N
D:\myprojects\signlanguageml\images\dataset\N\36.png,N
D:\myprojects\signlanguageml\images\dataset\N\37.png,N
D:\myprojects\signlanguageml\images\dataset\N\38.png,N
D:\myprojects\signlanguageml\images\dataset\N\39.png,N
D:\myprojects\signlanguageml\images\dataset\N\4.png,N
D:\myprojects\signlanguageml\images\dataset\N\5.png,N
D:\myprojects\signlanguageml\images\dataset\N\6.png,N
D:\myprojects\signlanguageml\images\dataset\N\7.png,N
D:\myprojects\signlanguageml\images\dataset\N\8.png,N
D:\myprojects\signlanguageml\images\dataset\N\9.png,N
D:\myprojects\signlanguageml\images\dataset\O\0.png,O
D:\myprojects\signlanguageml\images\dataset\O\1.png,O
D:\myprojects\signlanguageml\images\dataset\O\10.png,O
D:\myprojects\signlanguageml\images\dataset\O\11.png,O
D:\myprojects\signlanguageml\images\dataset\O\12.png,O
D:\myprojects\signlanguageml\images\dataset\O\13.png,O
D:\myprojects\signlanguageml\images\dataset\O\14.png,O
D:\myprojects\signlanguageml\images\dataset\O\15.png,O
D:\myprojects\signlanguageml\images\dataset\O\16.png,O
D:\myprojects\signlanguageml\images\dataset\O\17.png,O
D:\myprojects\signlanguageml\images\dataset\O\18.png,O
D:\myprojects\signlanguageml\images\dataset\O\19.png,O
D:\myprojects\signlanguageml\images\dataset\O\2.png,O
D:\myprojects\signlanguageml\images\dataset\O\20.png,O
D:\myprojects\signlanguageml\images\dataset\O\21.png,O
D:\myprojects\signlanguageml\images\dataset\O\22.png,O
D:\myprojects\signlanguageml\images\dataset\O\23.png,O
D:\myprojects\signlanguageml\images\dataset\O\24.png,O
D:\myprojects\signlanguageml\images\dataset\O\25.png,O
D:\myprojects\signlanguageml\images\dataset\O\26.png,O
D:\myprojects\signlanguageml\images\dataset\O\27.png,O
D:\myprojects\signlanguageml\images\dataset\O\28.png,O
D:\myprojects\signlanguageml\images\dataset\O\29.png,O
D:\myprojects\signlanguageml\images\dataset\O\3.png,O
D:\myprojects\signlanguageml\images\dataset\O\30.png,O
D:\myprojects\signlanguageml\images\dataset\O\31.png,O
D:\myprojects\signlanguageml\images\dataset\O\32.png,O
D:\myprojects\signlanguageml\images\dataset\O\33.png,O
D:\myprojects\signlanguageml\images\dataset\O\34.png,O
D:\myprojects\signlanguageml\images\dataset\O\35.png,O
D:\myprojects\signlanguageml\images\dataset\O\36.png,O
D:\myprojects\signlanguageml\images\dataset\O\37.png,O
D:\myprojects\signlanguageml\images\dataset\O\38.png,O
D:\myprojects\signlanguageml\images\dataset\O\39.png,O
D:\myprojects\signlanguageml\images\dataset\O\4.png,O
D:\myprojects\signlanguageml\images\dataset\O\5.png,O
D:\myprojects\signlanguageml\images\dataset\O\6.png,O
D:\myprojects\signlanguageml\images\dataset\O\7.png,O
D:\myprojects\signlanguageml\images\dataset\O\8.png,O
D:\myprojects\signlanguageml\images\dataset\O\9.png,O
D:\myprojects\signlanguageml\images\dataset\P\0.png,P
D:\myprojects\signlanguageml\images\dataset\P\1.png,P
D:\myprojects\signlanguageml\images\dataset\P\10.png,P
D:\myprojects\signlanguageml\images\dataset\P\11.png,P
D:\myprojects\signlanguageml\images\dataset\P\12.png,P
D:\myprojects\signlanguageml\images\dataset\P\13.png,P
D:\myprojects\signlanguageml\images\dataset\P\14.png,P
D:\myprojects\signlanguageml\images\dataset\P\15.png,P
D:\myprojects\signlanguageml\images\dataset\P\16.png,P
D:\myprojects\signlanguageml\images\dataset\P\17.png,P
D:\myprojects\signlanguageml\images\dataset\P\18.png,P
D:\myprojects\signlanguageml\images\dataset\P\19.png,P
D:\myprojects\signlanguageml\images\dataset\P\2.png,P
D:\myprojects\signlanguageml\images\dataset\P\20.png,P
D:\myprojects\signlanguageml\images\dataset\P\21.png,P
D:\myprojects\signlanguageml\images\dataset\P\22.png,P
D:\myprojects\signlanguageml\images\dataset\P\23.png,P
D:\myprojects\signlanguageml\images\dataset\P\24.png,P
D:\myprojects\signlanguageml\images\dataset\P\25.png,P
D:\myprojects\signlanguageml\images\dataset\P\26.png,P
D:\myprojects\signlanguageml\images\dataset\P\27.png,P
D:\myprojects\signlanguageml\images\dataset\P\28.png,P
D:\myprojects\signlanguageml\images\dataset\P\29.png,P
D:\myprojects\signlanguageml\images\dataset\P\3.png,P
D:\myprojects\signlanguageml\images\dataset\P\30.png,P
D:\myprojects\signlanguageml\images\dataset\P\31.png,P
D:\myprojects\signlanguageml\images\dataset\P\32.png,P
D:\myprojects\signlanguageml\images\dataset\P\33.png,P
D:\myprojects\signlanguageml\images\dataset\P\34.png,P
D:\myprojects\signlanguageml\images\dataset\P\35.png,P
D:\myprojects\signlanguageml\images\dataset\P\36.png,P
D:\myprojects\signlanguageml\images\dataset\P\37.png,P
D:\myprojects\signlanguageml\images\dataset\P\38.png,P
D:\myprojects\signlanguageml\images\dataset\P\4.png,P
D:\myprojects\signlanguageml\images\dataset\P\5.png,P
D:\myprojects\signlanguageml\images\dataset\P\6.png,P
D:\myprojects\signlanguageml\images\dataset\P\7.png,P
D:\myprojects\signlanguageml\images\dataset\P\8.png,P
D:\myprojects\signlanguageml\images\dataset\P\9.png,P
D:\myprojects\signlanguageml\images\dataset\R\0.png,R
D:\myprojects\signlanguageml\images\dataset\R\1.png,R
D:\myprojects\signlanguageml\images\dataset\R\10.png,R
D:\myprojects\signlanguageml\images\dataset\R\11.png,R
D:\myprojects\signlanguageml\images\dataset\R\12.png,R
D:\myprojects\signlanguageml\images\dataset\R\13.png,R
D:\myprojects\signlanguageml\images\dataset\R\14.png,R
D:\myprojects\signlanguageml\images\dataset\R\15.png,R
D:\myprojects\signlanguageml\images\dataset\R\16.png,R
D:\myprojects\signlanguageml\images\dataset\R\17.png,R
D:\myprojects\signlanguageml\images\dataset\R\18.png,R
D:\myprojects\signlanguageml\images\dataset\R\19.png,R
D:\myprojects\signlanguageml\images\dataset\R\2.png,R
D:\myprojects\signlanguageml\images\dataset\R\20.png,R
D:\myprojects\signlanguageml\images\dataset\R\21.png,R
D:\myprojects\signlanguageml\images\dataset\R\22.png,R
D:\myprojects\signlanguageml\images\dataset\R\23.png,R
D:\myprojects\signlanguageml\images\dataset\R\24.png,R
D:\myprojects\signlanguageml\images\dataset\R\25.png,R
D:\myprojects\signlanguageml\images\dataset\R\26.png,R
D:\myprojects\signlanguageml\images\dataset\R\27.png,R
D:\myprojects\signlanguageml\images\dataset\R\28.png,R
D:\myprojects\signlanguageml\images\dataset\R\29.png,R
D:\myprojects\signlanguageml\images\dataset\R\3.png,R
D:\myprojects\signlanguageml\images\dataset\R\30.png,R
D:\myprojects\signlanguageml\images\dataset\R\31.png,R
D:\myprojects\signlanguageml\images\dataset\R\32.png,R
D:\myprojects\signlanguageml\images\dataset\R\33.png,R
D:\myprojects\signlanguageml\images\dataset\R\34.png,R
D:\myprojects\signlanguageml\images\dataset\R\35.png,R
D:\myprojects\signlanguageml\images\dataset\R\36.png,R
D:\myprojects\signlanguageml\images\dataset\R\37.png,R
D:\myprojects\signlanguageml\images\dataset\R\38.png,R
D:\myprojects\signlanguageml\images\dataset\R\39.png,R
D:\myprojects\signlanguageml\images\dataset\R\4.png,R
D:\myprojects\signlanguageml\images\dataset\R\5.png,R
D:\myprojects\signlanguageml\images\dataset\R\6.png,R
D:\myprojects\signlanguageml\images\dataset\R\7.png,R
D:\myprojects\signlanguageml\images\dataset\R\8.png,R
D:\myprojects\signlanguageml\images\dataset\R\9.png,R
D:\myprojects\signlanguageml\images\dataset\S\0.png,S
D:\myprojects\signlanguageml\images\dataset\S\1.png,S
D:\myprojects\signlanguageml\images\dataset\S\10.png,S
D:\myprojects\signlanguageml\images\dataset\S\11.png,S
D:\myprojects\signlanguageml\images\dataset\S\12.png,S
D:\myprojects\signlanguageml\images\dataset\S\13.png,S
D:\myprojects\signlanguageml\images\dataset\S\14.png,S
D:\myprojects\signlanguageml\images\dataset\S\15.png,S
D:\myprojects\signlanguageml\images\dataset\S\16.png,S
D:\myprojects\signlanguageml\images\dataset\S\17.png,S
D:\myprojects\signlanguageml\images\dataset\S\18.png,S
D:\myprojects\signlanguageml\images\dataset\S\19.png,S
D:\myprojects\signlanguageml\images\dataset\S\2.png,S
D:\myprojects\signlanguageml\images\dataset\S\20.png,S
D:\myprojects\signlanguageml\images\dataset\S\21.png,S
D:\myprojects\signlanguageml\images\dataset\S\22.png,S
D:\myprojects\signlanguageml\images\dataset\S\23.png,S
D:\myprojects\signlanguageml\images\dataset\S\24.png,S
D:\myprojects\signlanguageml\images\dataset\S\25.png,S
D:\myprojects\signlanguageml\images\dataset\S\26.png,S
D:\myprojects\signlanguageml\images\dataset\S\27.png,S
D:\myprojects\signlanguageml\images\dataset\S\28.png,S
D:\myprojects\signlanguageml\images\dataset\S\29.png,S
D:\myprojects\signlanguageml\images\dataset\S\3.png,S
D:\myprojects\signlanguageml\images\dataset\S\30.png,S
D:\myprojects\signlanguageml\images\dataset\S\31.png,S
D:\myprojects\signlanguageml\images\dataset\S\32.png,S
D:\myprojects\signlanguageml\images\dataset\S\33.png,S
D:\myprojects\signlanguageml\images\dataset\S\34.png,S
D:\myprojects\signlanguageml\images\dataset\S\35.png,S
D:\myprojects\signlanguageml\images\dataset\S\36.png,S
D:\myprojects\signlanguageml\images\dataset\S\37.png,S
D:\myprojects\signlanguageml\images\dataset\S\38.png,S
D:\myprojects\signlanguageml\images\dataset\S\39.png,S
D:\myprojects\signlanguageml\images\dataset\S\4.png,S
D:\myprojects\signlanguageml\images\dataset\S\40.png,S
D:\myprojects\signlanguageml\images\dataset\S\5.png,S
D:\myprojects\signlanguageml\images\dataset\S\6.png,S
D:\myprojects\signlanguageml\images\dataset\S\7.png,S
D:\myprojects\signlanguageml\images\dataset\S\8.png,S
D:\myprojects\signlanguageml\images\dataset\S\9.png,S
D:\myprojects\signlanguageml\images\dataset\T\0.png,T
D:\myprojects\signlanguageml\images\dataset\T\1.png,T
D:\myprojects\signlanguageml\images\dataset\T\10.png,T
D:\myprojects\signlanguageml\images\dataset\T\11.png,T
D:\myprojects\signlanguageml\images\dataset\T\12.png,T
D:\myprojects\signlanguageml\images\dataset\T\13.png,T
D:\myprojects\signlanguageml\images\dataset\T\14.png,T
D:\myprojects\signlanguageml\images\dataset\T\15.png,T
D:\myprojects\signlanguageml\images\dataset\T\16.png,T
D:\myprojects\signlanguageml\images\dataset\T\17.png,T
D:\myprojects\signlanguageml\images\dataset\T\18.png,T
D:\myprojects\signlanguageml\images\dataset\T\19.png,T
D:\myprojects\signlanguageml\images\dataset\T\2.png,T
D:\myprojects\signlanguageml\images\dataset\T\20.png,T
D:\myprojects\signlanguageml\images\dataset\T\21.png,T
D:\myprojects\signlanguageml\images\dataset\T\22.png,T
D:\myprojects\signlanguageml\images\dataset\T\23.png,T
D:\myprojects\signlanguageml\images\dataset\T\24.png,T
D:\myprojects\signlanguageml\images\dataset\T\25.png,T
D:\myprojects\signlanguageml\images\dataset\T\26.png,T
D:\myprojects\signlanguageml\images\dataset\T\27.png,T
D:\myprojects\signlanguageml\images\dataset\T\28.png,T
D:\myprojects\signlanguageml\images\dataset\T\29.png,T
D:\myprojects\signlanguageml\images\dataset\T\3.png,T
D:\myprojects\signlanguageml\images\dataset\T\30.png,T
D:\myprojects\signlanguageml\images\dataset\T\31.png,T
D:\myprojects\signlanguageml\images\dataset\T\32.png,T
D:\myprojects\signlanguageml\images\dataset\T\33.png,T
D:\myprojects\signlanguageml\images\dataset\T\34.png,T
D:\myprojects\signlanguageml\images\dataset\T\35.png,T
D:\myprojects\signlanguageml\images\dataset\T\36.png,T
D:\myprojects\signlanguageml\images\dataset\T\37.png,T
D:\myprojects\signlanguageml\images\dataset\T\38.png,T
D:\myprojects\signlanguageml\images\dataset\T\4.png,T
D:\myprojects\signlanguageml\images\dataset\T\5.png,T
D:\myprojects\signlanguageml\images\dataset\T\6.png,T
D:\myprojects\signlanguageml\images\dataset\T\7.png,T
D:\myprojects\signlanguageml\images\dataset\T\8.png,T
D:\myprojects\signlanguageml\images\dataset\T\9.png,T
D:\myprojects\signlanguageml\images\dataset\U\0.png,U
D:\myprojects\signlanguageml\images\dataset\U\1.png,U
D:\myprojects\signlanguageml\images\dataset\U\10.png,U
D:\myprojects\signlanguageml\images\dataset\U\11.png,U
D:\myprojects\signlanguageml\images\dataset\U\12.png,U
D:\myprojects\signlanguageml\images\dataset\U\13.png,U
D:\myprojects\signlanguageml\images\dataset\U\14.png,U
D:\myprojects\signlanguageml\images\dataset\U\15.png,U
D:\myprojects\signlanguageml\images\dataset\U\16.png,U
D:\myprojects\signlanguageml\images\dataset\U\17.png,U
D:\myprojects\signlanguageml\images\dataset\U\18.png,U
D:\myprojects\signlanguageml\images\dataset\U\19.png,U
D:\myprojects\signlanguageml\images\dataset\U\2.png,U
D:\myprojects\signlanguageml\images\dataset\U\20.png,U
D:\myprojects\signlanguageml\images\dataset\U\21.png,U
D:\myprojects\signlanguageml\images\dataset\U\22.png,U
D:\myprojects\signlanguageml\images\dataset\U\23.png,U
D:\myprojects\signlanguageml\images\dataset\U\24.png,U
D:\myprojects\signlanguageml\images\dataset\U\25.png,U
D:\myprojects\signlanguageml\images\dataset\U\26.png,U
D:\myprojects\signlanguageml\images\dataset\U\27.png,U
D:\myprojects\signlanguageml\images\dataset\U\28.png,U
D:\myprojects\signlanguageml\images\dataset\U\29.png,U
D:\myprojects\signlanguageml\images\dataset\U\3.png,U
D:\myprojects\signlanguageml\images\dataset\U\30.png,U
D:\myprojects\signlanguageml\images\dataset\U\31.png,U
D:\myprojects\signlanguageml\images\dataset\U\32.png,U
D:\myprojects\signlanguageml\images\dataset\U\33.png,U
D:\myprojects\signlanguageml\images\dataset\U\34.png,U
D:\myprojects\signlanguageml\images\dataset\U\35.png,U
D:\myprojects\signlanguageml\images\dataset\U\36.png,U
D:\myprojects\signlanguageml\images\dataset\U\37.png,U
D:\myprojects\signlanguageml\images\dataset\U\38.png,U
D:\myprojects\signlanguageml\images\dataset\U\39.png,U
D:\myprojects\signlanguageml\images\dataset\U\4.png,U
D:\myprojects\signlanguageml\images\dataset\U\5.png,U
D:\myprojects\signlanguageml\images\dataset\U\6.png,U
D:\myprojects\signlanguageml\images\dataset\U\7.png,U
D:\myprojects\signlanguageml\images\dataset\U\8.png,U
D:\myprojects\signlanguageml\images\dataset\U\9.png,U
D:\myprojects\signlanguageml\images\dataset\V\0.png,V
D:\myprojects\signlanguageml\images\dataset\V\1.png,V
D:\myprojects\signlanguageml\images\dataset\V\10.png,V
D:\myprojects\signlanguageml\images\dataset\V\11.png,V
D:\myprojects\signlanguageml\images\dataset\V\12.png,V
D:\myprojects\signlanguageml\images\dataset\V\13.png,V
D:\myprojects\signlanguageml\images\dataset\V\14.png,V
D:\myprojects\signlanguageml\images\dataset\V\15.png,V
D:\myprojects\signlanguageml\images\dataset\V\16.png,V
D:\myprojects\signlanguageml\images\dataset\V\17.png,V
D:\myprojects\signlanguageml\images\dataset\V\18.png,V
D:\myprojects\signlanguageml\images\dataset\V\19.png,V
D:\myprojects\signlanguageml\images\dataset\V\2.png,V
D:\myprojects\signlanguageml\images\dataset\V\20.png,V
D:\myprojects\signlanguageml\images\dataset\V\21.png,V
D:\myprojects\signlanguageml\images\dataset\V\22.png,V
D:\myprojects\signlanguageml\images\dataset\V\23.png,V
D:\myprojects\signlanguageml\images\dataset\V\24.png,V
D:\myprojects\signlanguageml\images\dataset\V\25.png,V
D:\myprojects\signlanguageml\images\dataset\V\26.png,V
D:\myprojects\signlanguageml\images\dataset\V\27.png,V
D:\myprojects\signlanguageml\images\dataset\V\28.png,V
D:\myprojects\signlanguageml\images\dataset\V\29.png,V
D:\myprojects\signlanguageml\images\dataset\V\3.png,V
D:\myprojects\signlanguageml\images\dataset\V\30.png,V
D:\myprojects\signlanguageml\images\dataset\V\31.png,V
D:\myprojects\signlanguageml\images\dataset\V\32.png,V
D:\myprojects\signlanguageml\images\dataset\V\33.png,V
D:\myprojects\signlanguageml\images\dataset\V\34.png,V
D:\myprojects\signlanguageml\images\dataset\V\35.png,V
D:\myprojects\signlanguageml\images\dataset\V\36.png,V
D:\myprojects\signlanguageml\images\dataset\V\37.png,V
D:\myprojects\signlanguageml\images\dataset\V\38.png,V
D:\myprojects\signlanguageml\images\dataset\V\39.png,V
D:\myprojects\signlanguageml\images\dataset\V\4.png,V
D:\myprojects\signlanguageml\images\dataset\V\40.png,V
D:\myprojects\signlanguageml\images\dataset\V\5.png,V
D:\myprojects\signlanguageml\images\dataset\V\6.png,V
D:\myprojects\signlanguageml\images\dataset\V\7.png,V
D:\myprojects\signlanguageml\images\dataset\V\8.png,V
D:\myprojects\signlanguageml\images\dataset\V\9.png,V
D:\myprojects\signlanguageml\images\dataset\W\0.png,W
D:\myprojects\signlanguageml\images\dataset\W\1.png,W
D:\myprojects\signlanguageml\images\dataset\W\10.png,W
D:\myprojects\signlanguageml\images\dataset\W\11.png,W
D:\myprojects\signlanguageml\images\dataset\W\12.png,W
D:\myprojects\signlanguageml\images\dataset\W\13.png,W
D:\myprojects\signlanguageml\images\dataset\W\14.png,W
D:\myprojects\signlanguageml\images\dataset\W\15.png,W
D:\myprojects\signlanguageml\images\dataset\W\16.png,W
D:\myprojects\signlanguageml\images\dataset\W\17.png,W
D:\myprojects\signlanguageml\images\dataset\W\18.png,W
D:\myprojects\signlanguageml\images\dataset\W\19.png,W
D:\myprojects\signlanguageml\images\dataset\W\2.png,W
D:\myprojects\signlanguageml\images\dataset\W\20.png,W
D:\myprojects\signlanguageml\images\dataset\W\21.png,W
D:\myprojects\signlanguageml\images\dataset\W\22.png,W
D:\myprojects\signlanguageml\images\dataset\W\23.png,W
D:\myprojects\signlanguageml\images\dataset\W\24.png,W
D:\myprojects\signlanguageml\images\dataset\W\25.png,W
D:\myprojects\signlanguageml\images\dataset\W\26.png,W
D:\myprojects\signlanguageml\images\dataset\W\27.png,W
D:\myprojects\signlanguageml\images\dataset\W\28.png,W
D:\myprojects\signlanguageml\images\dataset\W\29.png,W
D:\myprojects\signlanguageml\images\dataset\W\3.png,W
D:\myprojects\signlanguageml\images\dataset\W\30.png,W
D:\myprojects\signlanguageml\images\dataset\W\31.png,W
D:\myprojects\signlanguageml\images\dataset\W\32.png,W
D:\myprojects\signlanguageml\images\dataset\W\33.png,W
D:\myprojects\signlanguageml\images\dataset\W\34.png,W
D:\myprojects\signlanguageml\images\dataset\W\35.png,W
D:\myprojects\signlanguageml\images\dataset\W\36.png,W
D:\myprojects\signlanguageml\images\dataset\W\37.png,W
D:\myprojects\signlanguageml\images\dataset\W\38.png,W
D:\myprojects\signlanguageml\images\dataset\W\39.png,W
D:\myprojects\signlanguageml\images\dataset\W\4.png,W
D:\myprojects\signlanguageml\images\dataset\W\5.png,W
D:\myprojects\signlanguageml\images\dataset\W\6.png,W
D:\myprojects\signlanguageml\images\dataset\W\7.png,W
D:\myprojects\signlanguageml\images\dataset\W\8.png,W
D:\myprojects\signlanguageml\images\dataset\W\9.png,W
D:\myprojects\signlanguageml\images\dataset\X\0.png,X
D:\myprojects\signlanguageml\images\dataset\X\1.png,X
D:\myprojects\signlanguageml\images\dataset\X\10.png,X
D:\myprojects\signlanguageml\images\dataset\X\11.png,X
D:\myprojects\signlanguageml\images\dataset\X\12.png,X
D:\myprojects\signlanguageml\images\dataset\X\13.png,X
D:\myprojects\signlanguageml\images\dataset\X\14.png,X
D:\myprojects\signlanguageml\images\dataset\X\15.png,X
D:\myprojects\signlanguageml\images\dataset\X\16.png,X
D:\myprojects\signlanguageml\images\dataset\X\17.png,X
D:\myprojects\signlanguageml\images\dataset\X\18.png,X
D:\myprojects\signlanguageml\images\dataset\X\19.png,X
D:\myprojects\signlanguageml\images\dataset\X\2.png,X
D:\myprojects\signlanguageml\images\dataset\X\20.png,X
D:\myprojects\signlanguageml\images\dataset\X\21.png,X
D:\myprojects\signlanguageml\images\dataset\X\22.png,X
D:\myprojects\signlanguageml\images\dataset\X\23.png,X
D:\myprojects\signlanguageml\images\dataset\X\24.png,X
D:\myprojects\signlanguageml\images\dataset\X\25.png,X
D:\myprojects\signlanguageml\images\dataset\X\26.png,X
D:\myprojects\signlanguageml\images\dataset\X\27.png,X
D:\myprojects\signlanguageml\images\dataset\X\28.png,X
D:\myprojects\signlanguageml\images\dataset\X\29.png,X
D:\myprojects\signlanguageml\images\dataset\X\3.png,X
D:\myprojects\signlanguageml\images\dataset\X\30.png,X
D:\myprojects\signlanguageml\images\dataset\X\31.png,X
D:\myprojects\signlanguageml\images\dataset\X\32.png,X
D:\myprojects\signlanguageml\images\dataset\X\33.png,X
D:\myprojects\signlanguageml\images\dataset\X\34.png,X
D:\myprojects\signlanguageml\images\dataset\X\35.png,X
D:\myprojects\signlanguageml\images\dataset\X\36.png,X
D:\myprojects\signlanguageml\images\dataset\X\37.png,X
D:\myprojects\signlanguageml\images\dataset\X\38.png,X
D:\myprojects\signlanguageml\images\dataset\X\39.png,X
D:\myprojects\signlanguageml\images\dataset\X\4.png,X
D:\myprojects\signlanguageml\images\dataset\X\5.png,X
D:\myprojects\signlanguageml\images\dataset\X\6.png,X
D:\myprojects\signlanguageml\images\dataset\X\7.png,X
D:\myprojects\signlanguageml\images\dataset\X\8.png,X
D:\myprojects\signlanguageml\images\dataset\X\9.png,X
D:\myprojects\signlanguageml\images\dataset\Y\0.png,Y
D:\myprojects\signlanguageml\images\dataset\Y\1.png,Y
D:\myprojects\signlanguageml\images\dataset\Y\10.png,Y
D:\myprojects\signlanguageml\images\dataset\Y\11.png,Y
D:\myprojects\signlanguageml\images\dataset\Y\12.png,Y
D:\myprojects\signlanguageml\images\dataset\Y\13.png,Y
D:\myprojects\signlanguageml\images\dataset\Y\14.png,Y
D:\myprojects\signlanguageml\images\dataset\Y\15.png,Y
D:\myprojects\signlanguageml\images\dataset\Y\16.png,Y
D:\myprojects\signlanguageml\images\dataset\Y\17.png,Y
D:\myprojects\signlanguageml\images\dataset\Y\18.png,Y
D:\myprojects\signlanguageml\images\dataset\Y\19.png,Y
D:\myprojects\signlanguageml\images\dataset\Y\2.png,Y
D:\myprojects\signlanguageml\images\dataset\Y\20.png,Y
D:\myprojects\signlanguageml\images\dataset\Y\21.png,Y
D:\myprojects\signlanguageml\images\dataset\Y\22.png,Y
D:\myprojects\signlanguageml\images\dataset\Y\23.png,Y
D:\myprojects\signlanguageml\images\dataset\Y\24.png,Y
D:\myprojects\signlanguageml\images\dataset\Y\25.png,Y
D:\myprojects\signlanguageml\images\dataset\Y\26.png,Y
D:\myprojects\signlanguageml\images\dataset\Y\27.png,Y
D:\myprojects\signlanguageml\images\dataset\Y\28.png,Y
D:\myprojects\signlanguageml\images\dataset\Y\29.png,Y
D:\myprojects\signlanguageml\images\dataset\Y\3.png,Y
D:\myprojects\signlanguageml\images\dataset\Y\30.png,Y
D:\myprojects\signlanguageml\images\dataset\Y\31.png,Y
D:\myprojects\signlanguageml\images\dataset\Y\32.png,Y
D:\myprojects\signlanguageml\images\dataset\Y\33.png,Y
D:\myprojects\signlanguageml\images\dataset\Y\34.png,Y
D:\myprojects\signlanguageml\images\dataset\Y\35.png,Y
D:\myprojects\signlanguageml\images\dataset\Y\36.png,Y
D:\myprojects\signlanguageml\images\dataset\Y\37.png,Y
D:\myprojects\signlanguageml\images\dataset\Y\38.png,Y
D:\myprojects\signlanguageml\images\dataset\Y\39.png,Y
D:\myprojects\signlanguageml\images\dataset\Y\4.png,Y
D:\myprojects\signlanguageml\images\dataset\Y\5.png,Y
D:\myprojects\signlanguageml\images\dataset\Y\6.png,Y
D:\myprojects\signlanguageml\images\dataset\Y\7.png,Y
D:\myprojects\signlanguageml\images\dataset\Y\8.png,Y
D:\myprojects\signlanguageml\images\dataset\Y\9.png,Y
D:\myprojects\signlanguageml\images\dataset\Z\0.png,Z
D:\myprojects\signlanguageml\images\dataset\Z\1.png,Z
D:\myprojects\signlanguageml\images\dataset\Z\10.png,Z
D:\myprojects\signlanguageml\images\dataset\Z\11.png,Z
D:\myprojects\signlanguageml\images\dataset\Z\12.png,Z
D:\myprojects\signlanguageml\images\dataset\Z\13.png,Z
D:\myprojects\signlanguageml\images\dataset\Z\14.png,Z
D:\myprojects\signlanguageml\images\dataset\Z\15.png,Z
D:\myprojects\signlanguageml\images\dataset\Z\16.png,Z
D:\myprojects\signlanguageml\images\dataset\Z\17.png,Z
D:\myprojects\signlanguageml\images\dataset\Z\18.png,Z
D:\myprojects\signlanguageml\images\dataset\Z\19.png,Z
D:\myprojects\signlanguageml\images\dataset\Z\2.png,Z
D:\myprojects\signlanguageml\images\dataset\Z\20.png,Z
D:\myprojects\signlanguageml\images\dataset\Z\21.png,Z
D:\myprojects\signlanguageml\images\dataset\Z\22.png,Z
D:\myprojects\signlanguageml\images\dataset\Z\23.png,Z
D:\myprojects\signlanguageml\images\dataset\Z\24.png,Z
D:\myprojects\signlanguageml\images\dataset\Z\25.png,Z
D:\myprojects\signlanguageml\images\dataset\Z\26.png,Z
D:\myprojects\signlanguageml\images\dataset\Z\27.png,Z
D:\myprojects\signlanguageml\images\dataset\Z\28.png,Z
D:\myprojects\signlanguageml\images\dataset\Z\29.png,Z
D:\myprojects\signlanguageml\images\dataset\Z\3.png,Z
D:\myprojects\signlanguageml\images\dataset\Z\30.png,Z
D:\myprojects\signlanguageml\images\dataset\Z\31.png,Z
D:\myprojects\signlanguageml\images\dataset\Z\32.png,Z
D:\myprojects\signlanguageml\images\dataset\Z\33.png,Z
D:\myprojects\signlanguageml\images\dataset\Z\34.png,Z
D:\myprojects\signlanguageml\images\dataset\Z\35.png,Z
D:\myprojects\signlanguageml\images\dataset\Z\36.png,Z
D:\myprojects\signlanguageml\images\dataset\Z\37.png,Z
D:\myprojects\signlanguageml\images\dataset\Z\38.png,Z
D:\myprojects\signlanguageml\images\dataset\Z\39.png,Z
D:\myprojects\signlanguageml\images\dataset\Z\4.png,Z
D:\myprojects\signlanguageml\images\dataset\Z\5.png,Z
D:\myprojects\signlanguageml\images\dataset\Z\6.png,Z
D:\myprojects\signlanguageml\images\dataset\Z\7.png,Z
D:\myprojects\signlanguageml\images\dataset\Z\8.png,Z
D:\myprojects\signlanguageml\images\dataset\Z\9.png,Z
